<?xml version="1.0" encoding="UTF-8"?>
<TEI xmlns="http://www.tei-c.org/ns/1.0" xml:lang="en">
   <teiHeader>
      <fileDesc>
         <titleStmt>
            <title>Schéma pour le lexique TlfPhraseo contenant les syntagmes définis du TLFi</title>
         </titleStmt>
         <publicationStmt>
            <authority>Analyse et Traitement Informatisé de la Langue Française (ATILF), CNRS,
               France</authority>
            <address>
               <addrLine>44 avenue de la libération</addrLine>
               <addrLine>BP 30687</addrLine>
               <addrLine>54063 NANCY CEDEX</addrLine>
            </address>
            <date>27/01/2016</date>
            <availability status="free">
               <licence>
                  <p>sous la licence Creative Common By-NC<ptr
                        target="http://creativecommons.org/licenses/by-nc-sa/3.0/fr/"/></p>
               </licence>
            </availability>
         </publicationStmt>
         <sourceDesc>
            <p>Personalisation de la Tei P5, produit automatiquement avec Tei Roma
               pour le lexique TlfPhraseo</p>
         </sourceDesc>
      </fileDesc>
   </teiHeader>
   <text>
      <body>
         <!-- viendra ici la description générale -->
         <div type="div1">
            <head rend="centered">TlfPhraseo</head>         
         <div type="div2">
            <head>Description générale du lexique TlfPhraseo</head>
            <p rend="justify">Le lexique <hi rend="smallcaps">TlfPhraseo</hi> est un lexique ouvert
               des syntagmes définis du <hi rend="smallcaps">Tlfi</hi>. Les syntagmes définis du <hi
                  rend="smallcaps">Tlfi</hi> sont des séquences principalement poly-lexicales mais
               pas obligatoirement dont l'usage et le sens ont été considérés comme suffisamment
               stables, fréquents et remarquables pour justifier la création d'une rubrique
               spécifique au sein des entrées principales du dictionnaire. Dans ce cas, le syntagme
               est dit « défini » parce qu'il est systématiquement associé à une définition. Lorsque
               les syntagmes définis sont poly-lexicaux, ils peuvent être rattachés à l'entrée de
               l'un ou l'autre des éléments lexicaux qui le composent. Ainsi dans l'échantillon
               ci-dessous, le syntagme <hi rend="italic">Subst + du bon Dieu</hi> est rattaché à
               l'entrée de <hi rend="italic">dieu</hi> tandis que le syntagme <hi rend="italic">À
                  défaut de QQN ou de QQC</hi> est rattaché à l'entrée de <hi rend="italic"
                  >défaut</hi>.</p>
            <p rend="justify">Les formes initiales provenant des syntagmes définis de ce
               dictionnaire ont été normalisées en matière de forme mais pas encore classifiées
               selon un typologie de phraséologie du français.</p>
            <p rend="justify">Le <hi rend="smallcaps">Tlfi</hi> contient 53347 syntagmes définis
               dont l'intitulé peut prendre des formes diverses qui ont été uniformisées sur trois
               aspects :</p>
            <list type="unordered">
               <item>Suppression des formes mono-lexicales</item>
               <item>Suppression des informations méta-lexicographiques</item>
               <item>Expansion manuelle des alternatives et des optionnalités</item>
            </list>
            <p rend="justify">A l'issue de cette première étape d'uniformisation, le lexique <hi
                  rend="smallcaps">TlfPhraseo</hi> comporte 71969 formes normalisées de syntagmes
               définis réparties sur les 53347 entrées de syntagmes dans le dictionnaire.</p>
            <p>Pour chaque syntagme défini dans le <hi rend="smallcaps">Tlfi</hi>, ont été extraits
               en sus la définition associée ainsi que les indications de domaine d'usage
               lorsqu'elles étaient présentes. Par ailleurs, les mentions de domaine d'emploi
               ont-elles aussi fait l'objet d'une normalisation formelle (rapprochement sous
               l'unique étiquette <hi rend="italic">arboriculture</hi> des mentions <hi
                  rend="italic">arboric.</hi> et <hi rend="italic">arboriculture</hi>).</p>
            <p>Le lexique résultant est en accès libre à des fins de recherche et
               d'enseignement.</p>
            <table rend="frame" xml:id="Tableau1">
               <row>
                  <cell rend="end color(#0084d1)bold">Origine de la ressource</cell>
                  <cell>ATILF (CNRS - Université de Lorraine)</cell>
               </row>
               <row>
                  <cell rend="end color(#0084d1)bold">Nature des données</cell>
                  <cell>Lexique phraséologique</cell>
               </row>
               <row>
                  <cell rend="end color(#0084d1)bold">Origine des données</cell>
                  <cell>Syntagmes définis du <hi rend="smallcaps">Tlfi</hi></cell>
               </row>
               <row>
                  <cell rend="end color(#0084d1)bold">Soutien institutionnel</cell>
                  <cell>Projets internes du laboratoire, session 2012</cell>
               </row>
            </table>
         </div>
         <div type="div2">
            <head>Informations techniques</head>
            <div type="div3">
               <head>Fiche technique</head>
               <table rend="frame" xml:id="Tableau2">
                  <row>
                     <cell rend="end color(#0084d1)bold">Version</cell>
                     <cell rend="smallcaps">TlfPhraseo 1.0</cell>
                  </row>
                  <row>
                     <cell rend="end color(#0084d1)bold">Conception</cell>
                     <cell>Evelyne Jacquey, Jean-Marc Humbert</cell>
                  </row>
                  <row>
                     <cell rend="end color(#0084d1)bold">Responsable scientifique</cell>
                     <cell>Evelyne Jacquey</cell>
                  </row>
                  <row>
                     <cell rend="end color(#0084d1)bold">Responsable informatique</cell>
                     <cell>Bertrand Gaiffe, Jean-Marc Humbert, Etienne Petitjean</cell>
                  </row>
                  <row>
                     <cell rend="end color(#0084d1)bold">Contenu</cell>
                     <cell><p>Nombre de syntagmes définis du tlfi 53347</p><p>Nombre de formes
                           normalisées 71969</p></cell>
                  </row>
                  <row>
                     <cell rend="end color(#0084d1)bold">Format</cell>
                     <cell>XML</cell>
                  </row>
                  <row>
                     <cell rend="end color(#0084d1)bold">Codage des caractères</cell>
                     <cell>UTF-8</cell>
                  </row>
                  <row>
                     <cell rend="end color(#0084d1)bold">Taille</cell>
                     <cell>27,8 Mo</cell>
                  </row>
                  <row>
                     <cell rend="end color(#0084d1)bold">Conditions de distribution</cell>
                     <cell>Licence Creative Common by-nc</cell>
                  </row>
               </table>
            </div>
            <div type="div3">
               <head>Développement et maintien - Conditions de distribution</head>
               <table rend="frame" xml:id="Tableau3">
                  <row>
                     <cell rend="end color(#0084d1)bold">Implémentation</cell>
                     <cell>Bertrand Gaiffe, Jean-Marc Humbert</cell>
                  </row>
                  <row>
                     <cell rend="end color(#0084d1)bold">Réalisation linguistique</cell>
                     <cell>Evelyne Jacquey et Line Heckler</cell>
                  </row>
                  <row>
                     <cell rend="end color(#0084d1)bold">Conditions de distribution</cell>
                     <cell>William Del-Mancino et Evelyne Jacquey</cell>
                  </row>
               </table>
            </div>
            <div type="div3">
               <head>Échantillon</head>
               <p rend="color(#009900)">&lt;!-- entrée ayant une seule forme normalisée --&gt;</p>
               <p><hi rend="color(#000096)">&lt;entry</hi><hi rend="color(#f5844c)"> xml:id</hi><hi
                     rend="color(#ff8040)">=</hi><hi rend="color(#993300)">"orig_16304"</hi><hi
                     rend="color(#000096)">&gt;</hi></p>
               <p><hi rend="color(#000096)">&lt;cit</hi><hi rend="color(#f5844c)"> type</hi><hi
                     rend="color(#ff8040)">=</hi><hi rend="color(#993300)">"source"</hi><hi
                     rend="color(#000096)">&gt;</hi></p>
               <p><hi rend="color(#000096)">&lt;quote</hi><hi rend="color(#f5844c)"> source</hi><hi
                     rend="color(#ff8040)">=</hi><hi rend="color(#993300)">"#TLF"</hi><hi
                     rend="color(#000096)">&gt;</hi><hi rend="color(#000000)">(Subst. désignant une
                     pers. ou un aspect de la pers.) + du bon Dieu.</hi><hi rend="color(#000096)"
                     >&lt;/quote&gt;</hi><lb/><hi rend="color(#000096)">&lt;/cit&gt;</hi></p>
               <p><hi rend="color(#000096)">&lt;form</hi><hi rend="color(#f5844c)"> type</hi><hi
                     rend="color(#ff8040)">=</hi><hi rend="color(#993300)">"normalized"</hi><hi
                     rend="color(#000096)">&gt;</hi></p>
               <p><hi rend="color(#000096)">&lt;orth&gt;</hi><hi rend="color(#000000)">du bon
                     Dieu</hi><hi rend="color(#000096)">&lt;/orth&gt;</hi></p>
               <p><hi rend="color(#000096)">&lt;gramGrp&gt;&lt;gram</hi><hi rend="color(#f5844c)">
                     type</hi><hi rend="color(#ff8040)">=</hi><hi rend="color(#993300)"
                     >"contiguity"</hi><hi rend="color(#000096)">&gt;</hi><hi rend="color(#000000)"
                     >contiguous</hi><hi rend="color(#000096)"
                  >&lt;/gram&gt;&lt;/gramGrp&gt;</hi></p>
               <p><hi rend="color(#000096)">&lt;/form&gt;</hi></p>
               <p><hi rend="color(#000096)">&lt;sense&gt;</hi></p>
               <p><hi rend="color(#000096)">&lt;ref</hi><hi rend="color(#f5844c)"> target</hi><hi
                     rend="color(#ff8040)">=</hi><hi rend="color(#993300)"
                     >"T07_1.XM9/27088.xml"</hi><hi rend="color(#000096)">&gt;</hi><hi
                     rend="color(#000000)">dieu</hi><hi rend="color(#000096)">&lt;/ref&gt;</hi></p>
               <p><hi rend="color(#000096)">&lt;def&gt;</hi><hi rend="color(#000000)">(Subst.)
                     propre aux êtres naïvement et entièrement voués à Dieu.</hi><hi
                     rend="color(#000096)">&lt;/def&gt;</hi></p>
               <p><hi rend="color(#000096)">&lt;/sense&gt;</hi></p>
               <p><hi rend="color(#000096)">&lt;/entry&gt;</hi></p>
               <p rend="color(#009900)">&lt;!-- entrée ayant plusieurs formes normalisées et un
                  domaine d'emploi --&gt;</p>
               <p><hi rend="color(#000096)">&lt;entry</hi><hi rend="color(#f5844c)"> xml:id</hi><hi
                     rend="color(#ff8040)">=</hi><hi rend="color(#993300)">"orig_51978"</hi><hi
                     rend="color(#000096)">&gt;</hi></p>
               <p><hi rend="color(#000096)">&lt;cit</hi><hi rend="color(#f5844c)"> type</hi><hi
                     rend="color(#ff8040)">=</hi><hi rend="color(#993300)">"source"</hi><hi
                     rend="color(#000096)">&gt;</hi></p>
               <p><hi rend="color(#000096)">&lt;quote</hi><hi rend="color(#f5844c)"> source</hi><hi
                     rend="color(#ff8040)">=</hi><hi rend="color(#993300)">"#TLF"</hi><hi
                     rend="color(#000096)">&gt;</hi><hi rend="color(#000000)">À / de
                     demi-tige.</hi><hi rend="color(#000096)">&lt;/quote&gt;</hi></p>
               <p><hi rend="color(#000096)">&lt;/cit&gt;</hi></p>
               <p><hi rend="color(#000096)">&lt;form</hi><hi rend="color(#f5844c)"> type</hi><hi
                     rend="color(#ff8040)">=</hi><hi rend="color(#993300)">"normalized"</hi><hi
                     rend="color(#000096)">&gt;</hi></p>
               <p><hi rend="color(#000096)">&lt;orth&gt;</hi><hi rend="color(#000000)">à
                     demi-tige</hi><hi rend="color(#000096)">&lt;/orth&gt;</hi></p>
               <p><hi rend="color(#000096)">&lt;gramGrp&gt;&lt;gram</hi><hi rend="color(#f5844c)">
                     type</hi><hi rend="color(#ff8040)">=</hi><hi rend="color(#993300)"
                     >"contiguity"</hi><hi rend="color(#000096)">&gt;</hi><hi rend="color(#000000)"
                     >contiguous</hi><hi rend="color(#000096)"
                  >&lt;/gram&gt;&lt;/gramGrp&gt;</hi></p>
               <p><hi rend="color(#000096)">&lt;/form&gt;</hi></p>
               <p><hi rend="color(#000096)">&lt;form</hi><hi rend="color(#f5844c)"> type</hi><hi
                     rend="color(#ff8040)">=</hi><hi rend="color(#993300)">"normalized"</hi><hi
                     rend="color(#000096)">&gt;</hi></p>
               <p><hi rend="color(#000096)">&lt;orth&gt;</hi><hi rend="color(#000000)">de
                     demi-tige</hi><hi rend="color(#000096)">&lt;/orth&gt;</hi></p>
               <p><hi rend="color(#000096)">&lt;gramGrp&gt;&lt;gram</hi><hi rend="color(#f5844c)">
                     type</hi><hi rend="color(#ff8040)">=</hi><hi rend="color(#993300)"
                     >"contiguity"</hi><hi rend="color(#000096)">&gt;</hi><hi rend="color(#000000)"
                     >contiguous</hi><hi rend="color(#000096)"
                  >&lt;/gram&gt;&lt;/gramGrp&gt;</hi></p>
               <p><hi rend="color(#000096)">&lt;/form&gt;</hi></p>
               <p><hi rend="color(#000096)">&lt;usg</hi><hi rend="color(#f5844c)"> norm</hi><hi
                     rend="color(#ff8040)">=</hi><hi rend="color(#993300)">"arboriculture"</hi><hi
                     rend="color(#f5844c)"> type</hi><hi rend="color(#ff8040)">=</hi><hi
                     rend="color(#993300)">"dom"</hi><hi rend="color(#000096)">&gt;</hi><hi
                     rend="color(#000000)">ARBORIC.</hi><hi rend="color(#000096)"
                  >&lt;/usg&gt;</hi></p>
               <p><hi rend="color(#000096)">&lt;sense&gt;</hi></p>
               <p><hi rend="color(#000096)">&lt;ref</hi><hi rend="color(#f5844c)"> target</hi><hi
                     rend="color(#ff8040)">=</hi><hi rend="color(#993300)"
                     >"T16_1.XM9/85257.xml"</hi><hi rend="color(#000096)">&gt;</hi><hi
                     rend="color(#000000)">tige</hi><hi rend="color(#000096)">&lt;/ref&gt;</hi></p>
               <p><hi rend="color(#000096)">&lt;def&gt;</hi><hi rend="color(#000000)">Qui a environ
                     1, ou 1, 50 m de hauteur.</hi><hi rend="color(#000096)">&lt;/def&gt;</hi></p>
               <p><hi rend="color(#000096)">&lt;/sense&gt;</hi></p>
               <p><hi rend="color(#000096)">&lt;/entry&gt;</hi></p>
            </div>
            <div type="div3">
               <head>Précisions techniques concernant la représentation xml-tei P5 adoptée dans
                  TlfPhraseo</head>
               <p rend="justify">Le lexique <hi rend="smallcaps">TlfPhraseo</hi> est associé au
                  schéma TlfPhraseo_Odd.xml qui est une personnalisation de plusieurs modules de la
                     <hi rend="smallcaps">Tei</hi> P5. En particulier, dans le module <hi
                     rend="italic">dictionaries</hi>, dont on utilise les éléments <hi
                     rend="color(#000099)">entry sense form orth gram gramGrp def usg</hi>.</p>
               <list type="unordered">
                  <item><hi rend="color(#000099)">&lt;entry&gt;</hi>
                     <list type="unordered">
                        <item>contient un syntagme défini tel qu'il est décrit dans le T<hi
                              rend="smallcaps">lfi</hi>.</item>
                        <item><hi rend="color(#000099)">&lt;sense&gt;</hi> contient deux éléments
                              <hi rend="color(#000099)">&lt;ref&gt;</hi> et <hi
                              rend="color(#000099)">&lt;def&gt;</hi><list type="unordered">
                              <item><hi rend="color(#000099)">&lt;ref&gt;</hi> contient le <hi
                                    rend="italic">mot vedette</hi> (nomenclature des objets du <hi
                                    rend="smallcaps">Tlfi</hi>) de l'entrée principale du <hi
                                    rend="smallcaps">Tlfi</hi> à l'intérieur de laquelle le syntagme
                                 défini courant est décrit. Comme plusieurs entrées lexicographiques
                                 du <hi rend="smallcaps">Tlfi</hi> peuvent partager le même mot
                                 vedette, la référence précise de l'entrée est indiquée via la
                                 valeur de l'attribut <hi rend="color(#f5844c)">@target</hi>. Cette
                                 valeur correspond à un index qui a été établi à partir d'une
                                 extraction de toutes les entrées d'une version interne du <hi
                                    rend="smallcaps">Tlfi</hi>, la version 9.</item>
                              <item><hi rend="color(#000099)">&lt;def&gt;</hi> est utilisé pour
                                 reproduire la définition correspondant au syntagme telle qu'elle
                                 est fourni dans le <hi rend="smallcaps">Tlfi</hi>, c'est-à-dire la
                                 définition qui se trouve dans le même bloc <hi
                                    rend="color(#000099)">&lt;b&gt;</hi> dans la version xml du <hi
                                    rend="smallcaps">Tlfi</hi>, version 9.</item>
                           </list></item>
                        <item><hi rend="color(#000099)">&lt;</hi><hi rend="color(#000099)"
                              >usg&gt;</hi> reproduit si elles étaient présentes les indications
                           d'emploi en termes de domaine, général ou technique. La forme initiale
                           présente dans le dictionnaire est reproduite comme valeur de l'élément
                           tandis que la valeur de l'attribut <hi rend="color(#f5844c)">@type</hi>
                           précise qu'il s'agit d'un <hi rend="italic">domaine d'emploi</hi> et que
                           la valeur de l'attribut <hi rend="color(#f5844c)">@norm</hi> fourni la
                           forme normalisée du domaine d'emploi tel qu'il est fourni dans le
                           dictionnaire. </item>
                        <item><hi rend="color(#000099)">&lt;form&gt;</hi> fournit les informations
                           formelles relatives au syntagme décrit. Il y a autant d'éléments <hi
                              rend="color(#000099)">&lt;form&gt;</hi> qu'il y a de formes
                           normalisées pour un syntagme. Il contient deux éléments principaux <hi
                              rend="color(#000099)">&lt;orth&gt;</hi> et <hi rend="color(#000099)"
                              >&lt;gramGrp&gt;</hi><list type="unordered">
                              <item><hi rend="color(#000099)">&lt;orth&gt;</hi> contient toujours
                                 une forme normalisée, c'est pourquoi cet élément comporte toujours
                                 l'attribut <hi rend="color(#f5844c)">@type</hi> dont la valeur est
                                    <hi rend="color(#993300)italic">normalized</hi>.</item>
                              <item><hi rend="color(#000099)">&lt;gramGrp&gt;</hi> est utilisé pour
                                 décrire l'un des aspects du comportement formel de la forme
                                 normalisée courante du syntagme, à savoir le fait qu'il est
                                 possible ou non d'insérer jusqu'à au plus trois tokens entre chaque
                                 élément d'un syntagme poly-lexical. Autrement dit, cet élément
                                 renseigne sur le caractère contigu ou non contigu des éléments d'un
                                 syntagme. Cette information est fournie en l'état bien qu'elle soit
                                 encore en cours d'évaluation, notamment quant à sa pertinence, mais
                                 aussi en cours d'amélioration quant à sa définition (l'utilisation
                                 de patrons morpho-syntaxiques décrivant les insertions possibles
                                 augmenterait sûrement la précision sans pour autant faire décroître
                                 le rappel).</item>
                           </list></item>
                     </list></item>
               </list>
               <p rend="justify">Venant d'un autre module de la <hi rend="smallcaps">tei p5</hi>,
                  l'élément <hi rend="color(#000099)">&lt;cit&gt;</hi> reproduit la forme initiale
                  du syntagme telle qu'elle est donnée dans le <hi rend="smallcaps">Tlfi.</hi></p>
            </div>
         </div>
         </div>
         <div type="div1">
            <head rend="centered">Documentation technique</head>
            <schemaSpec ident="TlfPhraseo" start="TEI ">
            <moduleRef key="tei"/>
            <!--Checking module textcrit-->
            <classRef key="att.textCritical"/>
            <classRef key="model.rdgLike"/>
            <classRef key="model.rdgPart"/>
            <classSpec ident="att.textCritical" type="atts" mode="change">
               <attList>
                  <attDef ident="type" mode="delete"/>
                  <attDef ident="cause" mode="delete"/>
                  <attDef ident="varSeq" mode="delete"/>
                  <attDef ident="hand" mode="delete"/>
               </attList>
            </classSpec>
            <!--Checking module namesdates-->
            <classRef key="model.persNamePart"/>
            <!--Checking module dictionaries-->
            <classRef key="att.lexicographic"/>
            <classRef key="model.entryLike"/>
            <classRef key="model.formPart"/>
            <classRef key="model.gramPart"/>
            <classRef key="model.morphLike"/>
            <classRef key="model.ptrLike.form"/>
            <moduleRef key="dictionaries" include="entry sense form orth gram gramGrp def usg"/>
            <!--description générale des éléments de dictionaries -->
            <elementSpec ident="sense" mode="change">
               <attList>
                  <attDef ident="level" mode="delete"/>
                  <attDef ident="norm" mode="delete"/>
               </attList>
            </elementSpec>
            <elementSpec ident="form" mode="change">
               <attList>
                  <attDef ident="type" mode="change">
                     <valList mode="add" type="closed">
                        <valItem ident="normalized">
                           <desc>L'élément &lt;form&gt; contient la ou les forme(s) normalisée(s) du
                              syntagme défini décrit dans chaque entrée, élément &lt;entry&gt;.
                              C'est pourquoi la valeur de l'attribut @type est fixée à la valeur
                              unique &quot;normalized&quot;</desc>
                        </valItem>
                     </valList>
                  </attDef>
                  <attDef ident="norm" mode="delete"/>
               </attList>
            </elementSpec>
            <elementSpec ident="orth" mode="change">
               <attList>
                  <attDef ident="type" mode="delete"/>
                  <attDef ident="extent" mode="delete"/>
                  <attDef ident="norm" mode="delete"/>
               </attList>
            </elementSpec>
            <elementSpec ident="gram" mode="change">
               <!-- type de contrainte relax NG qu'on ajoutera plus tard pour contraindre les valeurs possibles de l'élément gram type="contiguity" -->
               <!-- <content>
                  <choice xmlns="http://relaxng.org/ns/structure/1.0">
                     <val>non contiguous</val>
                     <val>contiguous</val>
                  </choice>
               </content>-->
               <attList>
                  <attDef ident="type" mode="change">
                     <valList mode="add" type="closed">
                        <valItem ident="contiguity">
                           <desc>Lorsque l'élément &lt;gram&gt; est de type
                              @type=&quot;contiguity&quot;, il a deux valeurs possibles seulement :
                              contiguous (aucun item ne peut être inséré entre les éléments de la
                              forme normalisée du syntagme) ou non-contiguous (jusqu'à trois items
                              peuvent être insérés entre chaque élément de la forme normalisée du
                              syntagme).</desc>
                        </valItem>
                     </valList>
                  </attDef>
                  <attDef ident="norm" mode="delete"/>
               </attList>
            </elementSpec>
            <elementSpec ident="gramGrp" mode="change">
               <attList>
                  <attDef ident="norm" mode="delete"/>
                  <attDef ident="type" mode="delete"/>
               </attList>
            </elementSpec>
            <elementSpec ident="def" mode="change">
               <attList>
                  <attDef ident="norm" mode="delete"/>
               </attList>
            </elementSpec>
            <elementSpec ident="usg" mode="change">
               <attList>
                  <attDef ident="type" mode="change">
                     <valList mode="add" type="closed">
                        <valItem ident="dom">
                           <desc>Lorsque la valeur de l'attribut @type est fixée à la valeur
                              &quot;dom&quot;, la valeur de l'attribut @norm du même élément
                              &lt;usg&gt; courant contient la forme normalisée du ou des domaine(s)
                              dans lesquels le syntagme courant est utilisé.</desc>
                        </valItem>
                     </valList>
                  </attDef>
               </attList>
            </elementSpec>
            <classSpec ident="att.lexicographic" type="atts" mode="change">
               <attList>
                  <attDef ident="expand" mode="delete"/>
                  <attDef ident="split" mode="delete"/>
                  <attDef ident="value" mode="delete"/>
                  <attDef ident="orig" mode="delete"/>
                  <attDef ident="location" mode="delete"/>
                  <attDef ident="mergedIn" mode="delete"/>
                  <attDef ident="opt" mode="delete"/>
               </attList>
            </classSpec>
            <!--Checking module tagdocs-->
            <macroRef key="macro.schemaPattern"/>
            <classRef key="att.combinable"/>
            <classRef key="att.identified"/>
            <classRef key="model.contentPart"/>
            <classSpec ident="att.combinable" type="atts" mode="change">
               <attList>
                  <attDef ident="mode" mode="delete"/>
               </attList>
            </classSpec>
            <classSpec ident="att.identified" type="atts" mode="change">
               <attList>
                  <attDef ident="ident" mode="delete"/>
                  <attDef ident="predeclare" mode="delete"/>
                  <attDef ident="module" mode="delete"/>
               </attList>
            </classSpec>
            <classSpec ident="att.dimensions" type="atts" mode="change">
               <attList>
                  <attDef ident="unit" mode="delete"/>
                  <attDef ident="quantity" mode="delete"/>
                  <attDef ident="extent" mode="delete"/>
                  <attDef ident="precision" mode="delete"/>
                  <attDef ident="scope" mode="delete"/>
               </attList>
            </classSpec>
            <classSpec ident="att.damaged" type="atts" mode="change">
               <attList>
                  <attDef ident="hand" mode="delete"/>
                  <attDef ident="agent" mode="delete"/>
                  <attDef ident="degree" mode="delete"/>
                  <attDef ident="group" mode="delete"/>
               </attList>
            </classSpec>
            <classSpec ident="att.datable" type="atts" mode="change">
               <attList>
                  <attDef ident="calendar" mode="delete"/>
                  <attDef ident="period" mode="delete"/>
               </attList>
            </classSpec>
            <classSpec ident="att.divLike" type="atts" mode="change">
               <attList>
                  <attDef ident="org" mode="delete"/>
                  <attDef ident="sample" mode="delete"/>
               </attList>
            </classSpec>
            <classSpec ident="att.editLike" type="atts" mode="change">
               <attList>
                  <attDef ident="evidence" mode="delete"/>
                  <attDef ident="instant" mode="delete"/>
               </attList>
            </classSpec>
            <classSpec ident="att.media" type="atts" mode="change">
               <attList>
                  <attDef ident="width" mode="delete"/>
                  <attDef ident="height" mode="delete"/>
                  <attDef ident="scale" mode="delete"/>
               </attList>
            </classSpec>
            <classSpec ident="att.interpLike" type="atts" mode="change">
               <attList>
                  <attDef ident="type" mode="delete"/>
                  <attDef ident="inst" mode="delete"/>
               </attList>
            </classSpec>
            <classSpec ident="att.naming" type="atts" mode="change">
               <attList>
                  <attDef ident="role" mode="delete"/>
                  <attDef ident="nymRef" mode="delete"/>
               </attList>
            </classSpec>
            <classSpec ident="att.typed" type="atts" mode="change">
               <attList>
                  <attDef ident="subtype" mode="delete"/>
               </attList>
            </classSpec>
            <classSpec ident="att.pointing" type="atts" mode="change">
               <attList>
                  <attDef ident="targetLang" mode="delete"/>
                  <attDef ident="evaluate" mode="delete"/>
               </attList>
            </classSpec>
            <classSpec ident="att.pointing.group" type="atts" mode="change">
               <attList>
                  <attDef ident="domains" mode="delete"/>
                  <attDef ident="targFunc" mode="delete"/>
               </attList>
            </classSpec>
            <classSpec ident="att.segLike" type="atts" mode="change">
               <attList>
                  <attDef ident="function" mode="delete"/>
               </attList>
            </classSpec>
            <classSpec ident="att.timed" type="atts" mode="change">
               <attList>
                  <attDef ident="start" mode="delete"/>
                  <attDef ident="end" mode="delete"/>
               </attList>
            </classSpec>
            <classSpec ident="att.transcriptional" type="atts" mode="change">
               <attList>
                  <attDef ident="hand" mode="delete"/>
                  <attDef ident="status" mode="delete"/>
                  <attDef ident="cause" mode="delete"/>
                  <attDef ident="seq" mode="delete"/>
               </attList>
            </classSpec>
            <classSpec ident="att.personal" type="atts" mode="change">
               <attList>
                  <attDef ident="full" mode="delete"/>
                  <attDef ident="sort" mode="delete"/>
               </attList>
            </classSpec>
            <!--Checking module core-->
            <moduleRef key="core"
               include="p quote cit name address addrLine date ptr ref monogr author respStmt resp title imprint publisher pubPlace biblStruct"/>
            <elementSpec ident="quote" mode="change">
               <attList>
                  <attDef ident="type" mode="delete"/>
               </attList>
            </elementSpec>
            <elementSpec ident="cit" mode="change">
               <attList>
                  <attDef ident="type" mode="change">
                     <valList mode="add" type="closed">
                        <valItem ident="source"/>
                     </valList>
                  </attDef>
               </attList>
            </elementSpec>
            <elementSpec ident="name" mode="change">
               <attList>
                  <attDef ident="source" mode="delete"/>
                  <attDef ident="type" mode="delete"/>
               </attList>
            </elementSpec>
            <elementSpec ident="date" mode="change">
               <attList>
                  <attDef ident="source" mode="delete"/>
                  <attDef ident="type" mode="delete"/>
               </attList>
            </elementSpec>
            <elementSpec ident="ptr" mode="change">
               <attList>
                  <attDef ident="type" mode="delete"/>
               </attList>
            </elementSpec>
            <elementSpec ident="ref" mode="change">
               <attList>
                  <attDef ident="type" mode="delete"/>
               </attList>
            </elementSpec>
            <elementSpec ident="title" mode="change">
               <attList>
                  <attDef ident="level" mode="delete"/>
                  <attDef ident="type" mode="delete"/>
                  <attDef ident="type" mode="delete"/>
               </attList>
            </elementSpec>
            <elementSpec ident="biblStruct" mode="change">
               <attList>
                  <attDef ident="type" mode="delete"/>
               </attList>
            </elementSpec>
            <!--Checking module header-->
            <moduleRef key="header"
               include="teiHeader fileDesc titleStmt sponsor funder principal edition extent publicationStmt authority availability sourceDesc encodingDesc projectDesc samplingDecl revisionDesc change"/>
            <elementSpec ident="teiHeader" mode="change">
               <attList>
                  <attDef ident="type" mode="delete"/>
               </attList>
            </elementSpec>
            <elementSpec ident="availability" mode="change">
               <attList>
                  <attDef ident="status" mode="change">
                     <valList mode="add" type="closed">
                        <valItem ident="restricted">
                           <desc>Dans l'élément &lt;publicationStmt&gt; du header, le statut de la
                              ressource mise à disposition est représenté par la valeur fixe
                              &quot;restricted&quot; de l'attribut @status pour indiquer que cette
                              ressource est sous licence CC.</desc>
                        </valItem>
                     </valList>
                  </attDef>
               </attList>
            </elementSpec>
            <elementSpec ident="change" mode="change">
               <attList>
                  <attDef ident="target" mode="delete"/>
                  <attDef ident="type" mode="delete"/>
               </attList>
            </elementSpec>
            <!--Checking module verse-->
            <!--Checking module msdescription-->
            <!--Checking module transcr-->
            <!--Checking module linking-->
            <!--Checking module analysis-->
            <!--Checking module textstructure-->
            <moduleRef key="textstructure" include="TEI text body"/>
            <elementSpec ident="TEI" mode="change">
               <attList>
                  <attDef ident="version" mode="delete"/>
               </attList>
            </elementSpec>
            <elementSpec ident="text" mode="change">
               <attList>
                  <attDef ident="type" mode="delete"/>
               </attList>
            </elementSpec>
         </schemaSpec>
         </div>
            </body>
   </text>
</TEI>
